{
  "url": "https://www.11ty.dev/",
  "requestedUrl": "https://www.11ty.dev/",
  "timestamp": 1599202200016,
  "ranks": {
    "hundos": 1,
    "performance": 1,
    "accessibility": 2,
    "cumulative": 1
  },
  "lighthouse": {
    "version": "6.3.0",
    "performance": 1,
    "accessibility": 1,
    "bestPractices": 1,
    "seo": 1,
    "total": 400
  },
  "firstContentfulPaint": 1125.446,
  "speedIndex": 1125.446,
  "largestContentfulPaint": 1125.446,
  "totalBlockingTime": 0,
  "cumulativeLayoutShift": 0.0006124674479166667,
  "timeToInteractive": 1125.446,
  "maxPotentialFirstInputDelay": 42,
  "timeToFirstByte": 7.735999999999997,
  "weight": {
    "summary": "21 requests • 82 KiB",
    "total": 84149,
    "image": 25426,
    "imageCount": 17,
    "script": 7673,
    "scriptCount": 1,
    "document": 32173,
    "font": 15550,
    "fontCount": 1,
    "stylesheet": 3327,
    "stylesheetCount": 1,
    "thirdParty": 15550,
    "thirdPartyCount": 1
  },
  "axe": {
    "passes": 690,
    "violations": 0
  }
}