{
  "url": "https://gridsome.org/",
  "requestedUrl": "https://gridsome.org/",
  "timestamp": 1599202072324,
  "ranks": {
    "hundos": 7,
    "performance": 8,
    "accessibility": 8,
    "cumulative": 8
  },
  "lighthouse": {
    "version": "6.3.0",
    "performance": 0.77,
    "accessibility": 0.97,
    "bestPractices": 1,
    "seo": 0.92,
    "total": 366
  },
  "firstContentfulPaint": 1439.182,
  "speedIndex": 1439.182,
  "largestContentfulPaint": 5718.193758804321,
  "totalBlockingTime": 224.4882411956787,
  "cumulativeLayoutShift": 0.015343702528211805,
  "timeToInteractive": 3184.693758804321,
  "maxPotentialFirstInputDelay": 263,
  "timeToFirstByte": 12.335,
  "weight": {
    "summary": "103 requests • 967 KiB",
    "total": 990470,
    "image": 0,
    "imageCount": 0,
    "script": 177788,
    "scriptCount": 3,
    "document": 50592,
    "font": 143351,
    "fontCount": 4,
    "stylesheet": 13990,
    "stylesheetCount": 1,
    "thirdParty": 18454,
    "thirdPartyCount": 2
  },
  "axe": {
    "passes": 782,
    "violations": 31
  }
}