{
  "url": "https://www.speedlify.dev/",
  "requestedUrl": "https://www.speedlify.dev/",
  "timestamp": 1599199424359,
  "ranks": {
    "hundos": 1,
    "performance": 1,
    "accessibility": 1,
    "cumulative": 1
  },
  "lighthouse": {
    "version": "6.3.0",
    "performance": 1,
    "accessibility": 1,
    "bestPractices": 1,
    "seo": 1,
    "total": 400
  },
  "firstContentfulPaint": 823.447,
  "speedIndex": 823.447,
  "largestContentfulPaint": 823.447,
  "totalBlockingTime": 7.5,
  "cumulativeLayoutShift": 0,
  "timeToInteractive": 969.4470000000001,
  "maxPotentialFirstInputDelay": 65,
  "timeToFirstByte": 67.14500000000001,
  "weight": {
    "summary": "4 requests • 45 KiB",
    "total": 46213,
    "image": 0,
    "imageCount": 0,
    "script": 41370,
    "scriptCount": 2,
    "document": 1060,
    "font": 0,
    "fontCount": 0,
    "stylesheet": 3783,
    "stylesheetCount": 1,
    "thirdParty": 0,
    "thirdPartyCount": 0
  },
  "axe": {
    "passes": 141,
    "violations": 5
  }
}