{
  "url": "https://docsify.js.org/",
  "requestedUrl": "https://docsify.js.org/",
  "timestamp": 1599202095603,
  "ranks": {
    "hundos": 10,
    "performance": 7,
    "accessibility": 11,
    "cumulative": 10
  },
  "lighthouse": {
    "version": "6.3.0",
    "performance": 0.82,
    "accessibility": 0.85,
    "bestPractices": 0.93,
    "seo": 0.92,
    "total": 352
  },
  "firstContentfulPaint": 2352.094,
  "speedIndex": 2352.094,
  "largestContentfulPaint": 3639.073,
  "totalBlockingTime": 137.50000000000023,
  "cumulativeLayoutShift": 0.448927734375,
  "timeToInteractive": 4018.5969999999998,
  "maxPotentialFirstInputDelay": 112,
  "timeToFirstByte": 180.77,
  "weight": {
    "summary": "62 requests • 280 KiB",
    "total": 286921,
    "image": 27654,
    "imageCount": 13,
    "script": 104563,
    "scriptCount": 14,
    "document": 2109,
    "font": 52612,
    "fontCount": 4,
    "stylesheet": 13076,
    "stylesheetCount": 5,
    "thirdParty": 216941,
    "thirdPartyCount": 39
  },
  "axe": {
    "passes": 398,
    "violations": 19
  }
}